{"cameraMode":{"drawMode":0,"name":"Shaded","section":"Shading Mode"},"sceneLighting":true,"audioPlay":false,"sceneViewState":{"showFog":true,"showMaterialUpdate":false,"showSkybox":true,"showFlares":true,"showImageEffects":true,"showParticleSystems":true},"in2DMode":false,"pivot":{"x":-5.07156229019165,"y":1.8194234371185303,"z":2.1196703910827638},"rotation":{"x":0.020827030763030053,"y":-0.49665001034736636,"z":0.011921849101781845,"w":0.8676191568374634},"size":14.70830249786377,"orthographic":false}